category,predicted,confidence
fur,39.28898330115851,High
loungewear,12.906997304152714,Low
bohemian,12.906997304152714,Low
techwear,12.717342879624724,Low
slow fashion,12.37570838886467,Low
tailored,10.964785812075014,Low
tutu-inspired,5.953840514130501,Medium
relaxed elegance,5.387940612881762,Medium
leather-heavy,4.66927877414611,Medium
