category,predicted,confidence
dresses,19.10302664162497,High
accessories,14.564988307913008,Medium
footwear,13.110963874268219,Medium
outerwear,9.899301102909916,Low
tops,8.476533904244999,Low
bottoms,8.427984966595982,Low
intimates,8.171100455698955,Medium
athleisure,6.827512036306699,Medium
bags,5.770791772433437,Medium
