category,actual_fall25,predicted_fall25,error,confidence
long-pile faux fur,66.6666666666667,-1.971285413670273,68.63795208033697,High
open-weave knit,16.6666666666667,27.730041861158192,11.063375194491492,Medium
shearling,16.6666666666667,27.730041861158192,11.063375194491492,Medium
oversized paisley,0,27.730041861158192,27.730041861158192,Medium
Breton stripe,0,15.399406640111192,15.399406640111192,Low
oversized floral,0,15.399406640111192,15.399406640111192,Low
patchwork sequins,0,10.691756208287424,10.691756208287424,Medium
