category,actual_fall25,predicted_fall25,error,confidence
fur,77.7777777777778,10.646420429825017,67.13135734795279,High
relaxed elegance,11.1111111111111,7.862674997067938,3.2484361140431623,Low
slow fashion,11.1111111111111,8.543996919501948,2.5671141916091518,Low
leather-heavy,0,7.862674997067938,7.862674997067938,Low
loungewear,0,7.527859864146547,7.527859864146547,Medium
bohemian,0,7.527859864146547,7.527859864146547,Medium
techwear,0,8.67863081777601,8.67863081777601,Low
tutu-inspired,0,7.862700913952972,7.862700913952972,Low
tailored,0,8.543996919501948,8.543996919501948,Low
