style,predicted,confidence
fur,26.894034823404215,High
techwear,15.516869516337513,Medium
slow fashion,13.55153899983306,Low
tailored,13.55153899983306,Low
tutu-inspired,9.276907536106924,Low
relaxed elegance,7.842769765864262,Medium
bohemian,7.842769765864262,Medium
leather-heavy,7.842769765864262,Medium
loungewear,7.842769765864262,Medium
