category,actual_fall25,predicted_fall25,error,confidence
accessories,24.7619047619048,15.579233802223412,9.182670959681387,Medium
dresses,20,25.57151624929582,5.571516249295819,High
footwear,18.0952380952381,14.95434566623688,3.1408924290012177,Low
tops,16.1904761904762,6.54131458081323,9.64916160966297,Medium
outerwear,7.61904761904762,13.179154367387387,5.560106748339766,Low
bottoms,5.71428571428571,10.918274766434575,5.203989052148865,Low
athleisure,3.80952380952381,7.419517590333282,3.6099937808094715,Medium
intimates,2.85714285714286,11.758646271582148,8.901503414439288,Low
bags,0.952380952380952,5.742987999075649,4.7906070466946975,Medium
